1,RWestbrook@gmail.com
2,EClarke@gmail.com
3,JBieber@gmail.com
4,AGrande@yahoo.com
5,,RWestbrook@gmail.com
5,JHarden@gmail.com
6,DurantKev@gmail.com
6,,RWestbrook@gmail.com
7,DurantKev@gmail.com
7,JHarden@gmail.com
8,,RWestbrook@gmail.com
8,JHarden@gmail.com
9,peter
9,kit
9,lena
10,EClarke@gmail.com
10,kit
10,lena
11,EClarke@gmail.com
11,peter
11,lena
12,EClarke@gmail.com
12,peter
12,kit
13,EClarke@gmail.com
13,kit
13,lena
14,jeff
14,larry
14,elon
15,tim
15,larry
15,elon
16,tim
16,jeff
16,larry
17,tim
17,larry
17,elon

